Chromosome,Position,rsID,Reference,Alternate,Source,Filters - exomes,Filters - genomes,Consequence,Protein Consequence,Transcript Consequence,Annotation,Flags,Allele Count,Allele Number,Allele Frequency,Homozygote Count,Hemizygote Count,Allele Count African/African-American,Allele Number African/African-American,Homozygote Count African/African-American,Hemizygote Count African/African-American,Allele Count Latino/Admixed American,Allele Number Latino/Admixed American,Homozygote Count Latino/Admixed American,Hemizygote Count Latino/Admixed American,Allele Count Ashkenazi Jewish,Allele Number Ashkenazi Jewish,Homozygote Count Ashkenazi Jewish,Hemizygote Count Ashkenazi Jewish,Allele Count East Asian,Allele Number East Asian,Homozygote Count East Asian,Hemizygote Count East Asian,Allele Count European (Finnish),Allele Number European (Finnish),Homozygote Count European (Finnish),Hemizygote Count European (Finnish),Allele Count European (non-Finnish),Allele Number European (non-Finnish),Homozygote Count European (non-Finnish),Hemizygote Count European (non-Finnish),Allele Count Other,Allele Number Other,Homozygote Count Other,Hemizygote Count Other,Allele Count South Asian,Allele Number South Asian,Homozygote Count South Asian,Hemizygote Count South Asian
11,5247962,rs36005841,C,T,gnomAD Exomes,PASS,NA,p.Ala54Thr,p.Ala54Thr,c.160G>A,missense_variant,,1,251446,0.0000039769970490681895,0,0,0,16256,0,0,0,34592,0,0,0,10080,0,0,0,18390,0,0,0,21644,0,0,0,113732,0,0,0,6136,0,0,1,30616,0,0
11,5247874,rs33987903,T,A,gnomAD Exomes,PASS,NA,p.Lys83Met,p.Lys83Met,c.248A>T,missense_variant,,1,251438,0.000003977123585138285,0,0,0,16256,0,0,0,34586,0,0,0,10080,0,0,0,18384,0,0,1,21648,0,0,0,113730,0,0,0,6138,0,0,0,30616,0,0
11,5247874,rs33987903,T,C,gnomAD Exomes,PASS,NA,p.Lys83Arg,p.Lys83Arg,c.248A>G,missense_variant,,1,251438,0.000003977123585138285,0,0,0,16256,0,0,0,34586,0,0,0,10080,0,0,0,18384,0,0,0,21648,0,0,1,113730,0,0,0,6138,0,0,0,30616,0,0
11,5247934,rs34151786,G,A,gnomAD Exomes,PASS,NA,p.Ala63Val,p.Ala63Val,c.188C>T,missense_variant,,1,251438,0.000003977123585138285,0,0,1,16256,0,0,0,34590,0,0,0,10080,0,0,0,18384,0,0,0,21642,0,0,0,113732,0,0,0,6138,0,0,0,30616,0,0
11,5247872,rs33930385,C,A,gnomAD Exomes,PASS,NA,p.Gly84Cys,p.Gly84Cys,c.250G>T,missense_variant,,1,251436,0.000003977155220413942,0,0,0,16256,0,0,0,34588,0,0,0,10078,0,0,0,18382,0,0,0,21648,0,0,1,113732,0,0,0,6138,0,0,0,30614,0,0
11,5247968,rs281864894,G,T,gnomAD Exomes,PASS,NA,p.Pro52Thr,p.Pro52Thr,c.154C>A,missense_variant,,1,251436,0.000003977155220413942,0,0,0,16256,0,0,0,34592,0,0,0,10080,0,0,0,18384,0,0,0,21644,0,0,1,113728,0,0,0,6136,0,0,0,30616,0,0
11,5247904,rs606231217,C,T,gnomAD Exomes,PASS,NA,p.Ser73Asn,p.Ser73Asn,c.218G>A,missense_variant,,1,251430,0.000003977250129260629,0,0,0,16256,0,0,0,34592,0,0,0,10078,0,0,0,18378,0,0,0,21644,0,0,1,113726,0,0,0,6140,0,0,0,30616,0,0
11,5247857,rs34672591,G,GC,gnomAD Exomes,PASS,NA,p.Leu89AlafsTer3,p.Leu89AlafsTer3,c.264_265insG,frameshift_variant,,1,251428,0.00000397728176654947,0,0,0,16256,0,0,0,34590,0,0,0,10078,0,0,1,18386,0,0,0,21648,0,0,0,113722,0,0,0,6132,0,0,0,30616,0,0
11,5247871,rs1803195,C,T,gnomAD Exomes,PASS,NA,p.Gly84Asp,p.Gly84Asp,c.251G>A,missense_variant,,1,251428,0.00000397728176654947,0,0,0,16256,0,0,0,34590,0,0,0,10078,0,0,0,18384,0,0,0,21648,0,0,0,113720,0,0,0,6136,0,0,1,30616,0,0
11,5247890,rs33991294,G,A,gnomAD Exomes,PASS,NA,p.His78Tyr,p.His78Tyr,c.232C>T,missense_variant,,1,251428,0.00000397728176654947,0,0,0,16256,0,0,0,34588,0,0,0,10080,0,0,0,18380,0,0,0,21646,0,0,1,113724,0,0,0,6138,0,0,0,30616,0,0
11,5247913,rs34718174,C,T,gnomAD Exomes,PASS,NA,p.Gly70Asp,p.Gly70Asp,c.209G>A,missense_variant,,1,251428,0.00000397728176654947,0,0,0,16256,0,0,0,34588,0,0,0,10078,0,0,0,18380,0,0,0,21644,0,0,1,113728,0,0,0,6138,0,0,0,30616,0,0
11,5247862,rs35819837,G,A,gnomAD Exomes,PASS,NA,p.Ala87Val,p.Ala87Val,c.260C>T,missense_variant,,1,251426,0.0000039773134043416354,0,0,0,16256,0,0,0,34592,0,0,0,10078,0,0,0,18384,0,0,0,21648,0,0,1,113720,0,0,0,6132,0,0,0,30616,0,0
11,5247859,rs33993568,GT,G,gnomAD Exomes,PASS,NA,p.Thr88HisfsTer2,p.Thr88HisfsTer2,c.262delA,frameshift_variant,,1,251424,0.000003977345042637139,0,0,0,16256,0,0,0,34592,0,0,0,10076,0,0,1,18386,0,0,0,21648,0,0,0,113718,0,0,0,6132,0,0,0,30616,0,0
11,5247863,rs33952147,C,A,gnomAD Exomes,PASS,NA,p.Ala87Ser,p.Ala87Ser,c.259G>T,missense_variant,mnv,1,251424,0.000003977345042637139,0,0,0,16256,0,0,0,34590,0,0,0,10078,0,0,1,18384,0,0,0,21646,0,0,0,113720,0,0,0,6134,0,0,0,30616,0,0
11,5247908,rs780759163,A,G,gnomAD Exomes,PASS,NA,p.Phe72Leu,p.Phe72Leu,c.214T>C,missense_variant,,1,251418,0.0000039774399605437955,0,0,0,16256,0,0,1,34586,0,0,0,10078,0,0,0,18380,0,0,0,21644,0,0,0,113720,0,0,0,6138,0,0,0,30616,0,0
11,5247992,rs33922842,C,A,gnomAD Exomes,PASS,NA,p.Glu44Ter,p.Glu44Ter,c.130G>T,stop_gained,,1,251398,0.000003977756386287878,0,0,0,16256,0,0,0,34588,0,0,0,10076,0,0,1,18376,0,0,0,21644,0,0,0,113708,0,0,0,6134,0,0,0,30616,0,0
11,5247827,rs33933298,C,T,gnomAD Exomes,PASS,NA,p.Val99Met,p.Val99Met,c.295G>A,missense_variant,,1,251394,0.000003977819677478381,0,0,0,16256,0,0,0,34590,0,0,0,10076,0,0,0,18380,0,0,0,21648,0,0,1,113696,0,0,0,6132,0,0,0,30616,0,0
11,5248001,rs1469049809,T,C,gnomAD Exomes,PASS,NA,p.Arg41Gly,p.Arg41Gly,c.121A>G,missense_variant,,1,251392,0.00000397785132382892,0,0,0,16256,0,0,0,34582,0,0,0,10076,0,0,0,18376,0,0,0,21648,0,0,1,113704,0,0,0,6134,0,0,0,30616,0,0
11,5246842,rs33929415,G,A,gnomAD Exomes,PASS,NA,p.His144Tyr,p.His144Tyr,c.430C>T,missense_variant,,1,251382,0.00000397800956313499,0,0,0,16256,0,0,0,34592,0,0,0,10074,0,0,0,18390,0,0,0,21644,0,0,1,113678,0,0,0,6134,0,0,0,30614,0,0
11,5246841,rs33918338,T,C,gnomAD Exomes,PASS,NA,p.His144Arg,p.His144Arg,c.431A>G,missense_variant,,1,251362,0.000003978326079518781,0,0,0,16256,0,0,0,34590,0,0,0,10074,0,0,1,18388,0,0,0,21632,0,0,0,113678,0,0,0,6130,0,0,0,30614,0,0
11,5246860,rs748704616,C,T,gnomAD Exomes,PASS,NA,p.Val138Met,p.Val138Met,c.412G>A,missense_variant,,1,251360,0.000003978357733927435,0,0,0,16250,0,0,0,34592,0,0,0,10076,0,0,0,18386,0,0,0,21640,0,0,0,113672,0,0,0,6128,0,0,1,30616,0,0
11,5248013,rs33948615,G,T,gnomAD Exomes,PASS,NA,p.Pro37Thr,p.Pro37Thr,c.109C>A,missense_variant,,1,251358,0.000003978389388839822,0,0,0,16256,0,0,0,34584,0,0,0,10074,0,0,0,18366,0,0,1,21644,0,0,0,113684,0,0,0,6134,0,0,0,30616,0,0
11,5246875,rs33953406,TCTGATAGGCAGCCTGCA,T,gnomAD Exomes,PASS,NA,p.Val127GlufsTer8,p.Val127GlufsTer8,c.380_396delTGCAGGCTGCCTATCAG,frameshift_variant,lc_lof,1,251350,0.000003978516013526954,0,0,0,16256,0,0,0,34590,0,0,0,10074,0,0,0,18378,0,0,0,21644,0,0,0,113660,0,0,0,6134,0,0,1,30614,0,0
11,5248016,rs281864514,A,G,gnomAD Exomes,PASS,NA,p.Tyr36His,p.Tyr36His,c.106T>C,missense_variant,,1,251350,0.000003978516013526954,0,0,0,16256,0,0,1,34580,0,0,0,10078,0,0,0,18366,0,0,0,21646,0,0,0,113674,0,0,0,6134,0,0,0,30616,0,0
11,5246884,rs35939430,C,G,gnomAD Exomes,PASS,NA,p.Ala130Pro,p.Ala130Pro,c.388G>C,missense_variant,,1,251326,0.000003978895935955691,0,0,0,16256,0,0,0,34588,0,0,0,10076,0,0,0,18376,0,0,0,21644,0,0,1,113636,0,0,0,6134,0,0,0,30616,0,0
11,5246884,rs35939430,C,T,gnomAD Exomes,PASS,NA,p.Ala130Thr,p.Ala130Thr,c.388G>A,missense_variant,,1,251326,0.000003978895935955691,0,0,0,16256,0,0,0,34588,0,0,0,10076,0,0,1,18376,0,0,0,21644,0,0,0,113636,0,0,0,6134,0,0,0,30616,0,0
11,5246888,rs1437278962,C,G,gnomAD Exomes,PASS,NA,p.Gln128His,p.Gln128His,c.384G>C,missense_variant,,1,251326,0.000003978895935955691,0,0,1,16256,0,0,0,34586,0,0,0,10076,0,0,0,18382,0,0,0,21646,0,0,0,113632,0,0,0,6132,0,0,0,30616,0,0
11,5248030,rs33943001,C,G,gnomAD Exomes,PASS,NA,c.93-1G>C,,c.93-1G>C,splice_acceptor_variant,,1,251326,0.000003978895935955691,0,0,0,16256,0,0,0,34574,0,0,0,10076,0,0,0,18358,0,0,0,21642,0,0,0,113668,0,0,0,6136,0,0,1,30616,0,0
11,5246892,rs33925391,A,G,gnomAD Exomes,PASS,NA,p.Val127Ala,p.Val127Ala,c.380T>C,missense_variant,,1,251316,0.000003979054258383867,0,0,0,16256,0,0,0,34588,0,0,0,10072,0,0,0,18376,0,0,0,21644,0,0,0,113632,0,0,0,6132,0,0,1,30616,0,0
11,5246896,rs281864544,G,C,gnomAD Exomes,PASS,NA,p.Pro126Ala,p.Pro126Ala,c.376C>G,missense_variant,,1,251316,0.000003979054258383867,0,0,0,16256,0,0,0,34588,0,0,0,10074,0,0,0,18370,0,0,0,21646,0,0,1,113636,0,0,0,6132,0,0,0,30614,0,0
11,5246895,rs1181594379,G,A,gnomAD Exomes,PASS,NA,p.Pro126Leu,p.Pro126Leu,c.377C>T,missense_variant,,1,251312,0.000003979117590883046,0,0,0,16256,0,0,0,34588,0,0,0,10074,0,0,0,18374,0,0,0,21646,0,0,0,113628,0,0,0,6132,0,0,1,30614,0,0
11,5246907,rs33987957,T,A,gnomAD Exomes,PASS,NA,p.Glu122Val,p.Glu122Val,c.365A>T,missense_variant,,1,251312,0.000003979117590883046,0,0,0,16256,0,0,0,34590,0,0,0,10072,0,0,0,18372,0,0,0,21646,0,0,1,113632,0,0,0,6128,0,0,0,30616,0,0
11,5248182,rs33929459,C,A,gnomAD Exomes,PASS,NA,p.Val24Phe,p.Val24Phe,c.70G>T,missense_variant,,1,251308,0.000003979180925398316,0,0,0,16256,0,0,0,34588,0,0,0,10076,0,0,0,18376,0,0,0,21646,0,0,1,113618,0,0,0,6134,0,0,0,30614,0,0
11,5246887,rs34139813,C,T,gnomAD Exomes,PASS,NA,p.Ala129Thr,p.Ala129Thr,c.385G>A,missense_variant,,1,251300,0.000003979307600477517,0,0,0,16256,0,0,0,34588,0,0,0,10072,0,0,0,18376,0,0,0,21644,0,0,0,113616,0,0,0,6134,0,0,1,30614,0,0
11,5246901,rs33935383,G,A,gnomAD Exomes,PASS,NA,p.Thr124Ile,p.Thr124Ile,c.371C>T,missense_variant,,1,251294,0.0000039794026120798745,0,0,0,16256,0,0,0,34588,0,0,0,10074,0,0,0,18366,0,0,0,21646,0,0,1,113620,0,0,0,6128,0,0,0,30616,0,0
11,5246909,rs34726542,T,G,gnomAD Exomes,PASS,NA,p.Lys121Asn,p.Lys121Asn,c.363A>C,missense_variant,,1,251288,0.000003979497628219414,0,0,0,16256,0,0,1,34586,0,0,0,10072,0,0,0,18370,0,0,0,21644,0,0,0,113616,0,0,0,6128,0,0,0,30616,0,0
11,5246890,rs33971634,G,A,gnomAD Exomes,PASS,NA,p.Gln128Ter,p.Gln128Ter,c.382C>T,stop_gained,lc_lof,1,251276,0.000003979687674111336,0,0,0,16256,0,0,1,34588,0,0,0,10070,0,0,0,18368,0,0,0,21644,0,0,0,113604,0,0,0,6132,0,0,0,30614,0,0
11,5246922,rs33978082,T,C,gnomAD Exomes,PASS,NA,p.His117Arg,p.His117Arg,c.350A>G,missense_variant,,1,251276,0.000003979687674111336,0,0,0,16256,0,0,0,34590,0,0,0,10076,0,0,0,18378,0,0,0,21646,0,0,1,113582,0,0,0,6132,0,0,0,30616,0,0
11,5248196,rs35382661,A,C,gnomAD Exomes,PASS,NA,p.Val19Gly,p.Val19Gly,c.56T>G,missense_variant,,1,251262,0.000003979909417261663,0,0,0,16256,0,0,0,34584,0,0,0,10078,0,0,0,18376,0,0,0,21644,0,0,1,113570,0,0,0,6138,0,0,0,30616,0,0
11,5248191,rs35890959,C,T,gnomAD Exomes,PASS,NA,p.Val21Met,p.Val21Met,c.61G>A,missense_variant,,1,251260,0.000003979941096871766,0,0,0,16256,0,0,1,34580,0,0,0,10076,0,0,0,18378,0,0,0,21646,0,0,0,113574,0,0,0,6134,0,0,0,30616,0,0
11,5248199,rs369865419,T,G,gnomAD Exomes,PASS,NA,p.Lys18Thr,p.Lys18Thr,c.53A>C,missense_variant,,1,251260,0.000003979941096871766,0,0,0,16256,0,0,0,34584,0,0,0,10078,0,0,0,18380,0,0,0,21642,0,0,0,113574,0,0,0,6130,0,0,1,30616,0,0
11,5246940,rs35256489,A,G,gnomAD Exomes,PASS,NA,p.Leu111Pro,p.Leu111Pro,c.332T>C,missense_variant,,1,251248,0.000003980131185123862,0,0,1,16256,0,0,0,34592,0,0,0,10078,0,0,0,18372,0,0,0,21640,0,0,0,113566,0,0,0,6128,0,0,0,30616,0,0
11,5246932,rs34400584,C,T,gnomAD Exomes,PASS,NA,p.Val114Met,p.Val114Met,c.340G>A,missense_variant,,1,251238,0.000003980289605871723,0,0,0,16256,0,0,0,34590,0,0,0,10076,0,0,0,18372,0,0,0,21640,0,0,0,113558,0,0,0,6130,0,0,1,30616,0,0
11,5248203,rs63751285,C,T,gnomAD Exomes,PASS,NA,p.Gly17Ser,p.Gly17Ser,c.49G>A,missense_variant,,1,251236,0.000003980321291534652,0,0,0,16256,0,0,1,34582,0,0,0,10076,0,0,0,18374,0,0,0,21642,0,0,0,113560,0,0,0,6130,0,0,0,30616,0,0
11,5248215,rs34856846,TA,T,gnomAD Exomes,PASS,NA,p.Thr13LeufsTer7,p.Thr13LeufsTer7,c.36delT,frameshift_variant,,1,251234,0.0000039803529777020624,0,0,0,16256,0,0,1,34584,0,0,0,10068,0,0,0,18364,0,0,0,21646,0,0,0,113572,0,0,0,6128,0,0,0,30616,0,0
11,5248212,rs766266418,C,A,gnomAD Exomes,PASS,NA,p.Ala14Ser,p.Ala14Ser,c.40G>T,missense_variant,,1,251226,0.000003980479727416748,0,0,0,16256,0,0,0,34584,0,0,0,10070,0,0,0,18366,0,0,0,21644,0,0,0,113562,0,0,0,6130,0,0,1,30614,0,0
11,5248206,rs33946157,A,AC,gnomAD Exomes,PASS,NA,p.Trp16ValfsTer8,p.Trp16ValfsTer8,c.45dupG,frameshift_variant,,1,251224,0.0000039805114161067416,0,0,0,16256,0,0,0,34586,0,0,0,10072,0,0,1,18370,0,0,0,21644,0,0,0,113552,0,0,0,6128,0,0,0,30616,0,0
11,5248223,rs33918131,G,C,gnomAD Exomes,PASS,NA,p.Ser10Cys,p.Ser10Cys,c.29C>G,missense_variant,,1,251216,0.000003980638175912363,0,0,0,16256,0,0,0,34580,0,0,0,10070,0,0,0,18368,0,0,0,21644,0,0,1,113554,0,0,0,6128,0,0,0,30616,0,0
11,5248211,rs35203747,G,A,gnomAD Exomes,PASS,NA,p.Ala14Val,p.Ala14Val,c.41C>T,missense_variant,,1,251210,0.000003980733251064846,0,0,0,16256,0,0,0,34580,0,0,0,10068,0,0,0,18366,0,0,0,21644,0,0,1,113552,0,0,0,6130,0,0,0,30614,0,0
11,5248244,rs33983205,T,C,gnomAD Exomes,PASS,NA,p.His3Arg,p.His3Arg,c.8A>G,missense_variant,,1,251140,0.00000398184279684638,0,0,0,16254,0,0,1,34570,0,0,0,10068,0,0,0,18366,0,0,0,21638,0,0,0,113496,0,0,0,6132,0,0,0,30616,0,0
11,5248236,rs33912272,G,A,gnomAD Exomes,PASS,NA,p.Pro6Ser,p.Pro6Ser,c.16C>T,missense_variant,,1,251132,0.000003981969641463454,0,0,0,16256,0,0,0,34568,0,0,0,10068,0,0,0,18364,0,0,0,21642,0,0,1,113510,0,0,0,6130,0,0,0,30594,0,0
11,5246956,rs34022507,GC,G,gnomAD Exomes,PASS,NA,c.316-1delG,,c.316-1delG,splice_acceptor_variant,,1,251128,0.000003982033066802587,0,0,0,16256,0,0,0,34592,0,0,0,10074,0,0,0,18374,0,0,0,21632,0,0,1,113460,0,0,0,6126,0,0,0,30614,0,0
11,5248247,rs33949930,A,G,gnomAD Exomes,PASS,NA,p.Val2Ala,p.Val2Ala,c.5T>C,missense_variant,,1,251128,0.000003982033066802587,0,0,0,16256,0,0,0,34570,0,0,0,10068,0,0,0,18366,0,0,0,21634,0,0,1,113486,0,0,0,6132,0,0,0,30616,0,0
11,5248248,rs33958358,C,T,gnomAD Exomes,PASS,NA,p.Val2Met,p.Val2Met,c.4G>A,missense_variant,,1,251128,0.000003982033066802587,0,0,0,16254,0,0,0,34572,0,0,0,10068,0,0,0,18366,0,0,0,21636,0,0,1,113484,0,0,0,6132,0,0,0,30616,0,0
11,5248243,rs713040,A,T,gnomAD Exomes,PASS,NA,p.His3Gln,p.His3Gln,c.9T>A,missense_variant,,1,251090,0.000003982635708311761,0,0,0,16256,0,0,0,34548,0,0,0,10068,0,0,0,18358,0,0,0,21628,0,0,1,113490,0,0,0,6128,0,0,0,30614,0,0
11,5248270,rs1239893012,C,G,gnomAD Exomes,PASS,NA,c.-18-1G>C,,c.-18-1G>C,splice_acceptor_variant,lc_lof,1,250902,0.000003985619883460475,0,0,0,16250,0,0,0,34542,0,0,0,10060,0,0,0,18348,0,0,0,21628,0,0,1,113342,0,0,0,6122,0,0,0,30610,0,0
11,5246948,rs193922562,G,GC,"gnomAD Exomes,gnomAD Genomes",PASS,PASS,p.Asn109GlnfsTer32,p.Asn109GlnfsTer32,c.323dupG,frameshift_variant,,2,282592,0.00000707734118446382,0,0,1,24964,0,0,0,35436,0,0,0,10364,0,0,0,19928,0,0,0,25114,0,0,1,128960,0,0,0,7210,0,0,0,30616,0,0
11,5247970,rs34676051,G,C,gnomAD Exomes,PASS,NA,p.Thr51Ser,p.Thr51Ser,c.152C>G,missense_variant,,2,251440,0.000007954183900731784,0,0,0,16256,0,0,1,34592,0,0,0,10080,0,0,0,18386,0,0,0,21644,0,0,1,113730,0,0,0,6136,0,0,0,30616,0,0
11,5247904,rs606231217,C,CT,gnomAD Exomes,PASS,NA,p.Ser73LysfsTer2,p.Ser73LysfsTer2,c.217dupA,frameshift_variant,,2,251430,0.000007954500258521259,0,0,0,16256,0,0,0,34592,0,0,0,10078,0,0,2,18378,0,0,0,21644,0,0,0,113726,0,0,0,6140,0,0,0,30616,0,0
11,5248160,rs33960103,C,T,gnomAD Exomes,PASS,NA,p.Arg31Lys,p.Arg31Lys,c.92G>A,missense_variant,"lc_lof,os_lof",2,251362,0.000007956652159037563,0,0,0,16256,0,0,0,34588,0,0,0,10074,0,0,0,18378,0,0,0,21648,0,0,0,113670,0,0,0,6134,0,0,2,30614,0,0
11,5248169,rs33954632,G,A,gnomAD Exomes,PASS,NA,p.Ala28Val,p.Ala28Val,c.83C>T,missense_variant,,2,251344,0.000007957221974664205,0,0,0,16256,0,0,0,34588,0,0,0,10078,0,0,1,18372,0,0,0,21648,0,0,0,113650,0,0,0,6136,0,0,1,30616,0,0
11,5248184,rs33936254,T,G,gnomAD Exomes,PASS,NA,p.Glu23Ala,p.Glu23Ala,c.68A>C,missense_variant,,2,251294,0.000007958805224159749,0,0,0,16256,0,0,0,34588,0,0,0,10078,0,0,0,18376,0,0,0,21646,0,0,0,113602,0,0,0,6132,0,0,2,30616,0,0
11,5248225,rs35198910,CTT,C,gnomAD Exomes,PASS,NA,p.Lys9ValfsTer14,p.Lys9ValfsTer14,c.25_26delAA,frameshift_variant,,2,251086,0.000007965398309742479,0,0,0,16256,0,0,0,34578,0,0,0,10070,0,0,0,18366,0,0,0,21644,0,0,1,113552,0,0,0,6128,0,0,1,30492,0,0
11,5247949,rs34589620,T,C,"gnomAD Exomes,gnomAD Genomes",PASS,PASS,p.Asn58Ser,p.Asn58Ser,c.173A>G,missense_variant,,3,282820,0.000010607453503995474,0,0,1,24958,0,0,0,35440,0,0,0,10370,0,0,0,19944,0,0,0,25118,0,0,2,129148,0,0,0,7226,0,0,0,30616,0,0
11,5246901,rs33935383,G,T,"gnomAD Exomes,gnomAD Genomes",PASS,PASS,p.Thr124Asn,p.Thr124Asn,c.371C>A,missense_variant,,3,282694,0.000010612181369254389,0,0,0,24966,0,0,0,35436,0,0,0,10364,0,0,0,19926,0,0,0,25122,0,0,3,129048,0,0,0,7216,0,0,0,30616,0,0
11,5248236,rs33912272,G,C,"gnomAD Exomes,gnomAD Genomes",PASS,PASS,p.Pro6Ala,p.Pro6Ala,c.16C>G,missense_variant,,3,282536,0.000010618115921510888,0,0,0,24968,0,0,0,35416,0,0,0,10358,0,0,0,19924,0,0,0,25116,0,0,3,128942,0,0,0,7218,0,0,0,30594,0,0
11,5246958,rs33914668,T,C,"gnomAD Exomes,gnomAD Genomes",PASS,PASS,c.316-2A>G,,c.316-2A>G,splice_acceptor_variant,,3,282432,0.000010622025832766825,0,0,3,24956,0,0,0,35438,0,0,0,10366,0,0,0,19928,0,0,0,25106,0,0,0,128808,0,0,0,7214,0,0,0,30616,0,0
11,5248000,rs34831026,C,T,gnomAD Exomes,PASS,NA,p.Arg41Lys,p.Arg41Lys,c.122G>A,missense_variant,,3,251398,0.000011933269158863635,0,0,0,16256,0,0,0,34586,0,0,0,10076,0,0,0,18374,0,0,0,21648,0,0,3,113708,0,0,0,6134,0,0,0,30616,0,0
11,5246862,rs33949486,C,T,gnomAD Exomes,PASS,NA,p.Gly137Asp,p.Gly137Asp,c.410G>A,missense_variant,,3,251372,0.000011934503445093327,0,0,3,16256,0,0,0,34592,0,0,0,10074,0,0,0,18388,0,0,0,21640,0,0,0,113676,0,0,0,6130,0,0,0,30616,0,0
11,5248170,rs35424040,C,A,gnomAD Exomes,PASS,NA,p.Ala28Ser,p.Ala28Ser,c.82G>T,missense_variant,,3,251362,0.000011934978238556345,0,0,1,16256,0,0,0,34588,0,0,0,10076,0,0,0,18372,0,0,0,21646,0,0,2,113672,0,0,0,6136,0,0,0,30616,0,0
11,5247807,rs33914944,C,G,gnomAD Exomes,PASS,NA,p.Arg105Ser,p.Arg105Ser,c.315G>C,missense_variant,,3,251348,0.00001193564301287458,0,0,0,16256,0,0,0,34578,0,0,0,10078,0,0,0,18378,0,0,0,21648,0,0,3,113664,0,0,0,6130,0,0,0,30616,0,0
11,5246929,rs33917394,G,T,gnomAD Exomes,PASS,NA,p.Leu115Met,p.Leu115Met,c.343C>A,missense_variant,,3,251222,0.000011941629315903862,0,0,0,16256,0,0,0,34590,0,0,0,10076,0,0,3,18372,0,0,0,21644,0,0,0,113536,0,0,0,6132,0,0,0,30616,0,0
11,5248229,rs34387455,T,C,gnomAD Exomes,PASS,NA,p.Glu8Gly,p.Glu8Gly,c.23A>G,missense_variant,,3,251184,0.000011943435887636155,0,0,0,16256,0,0,3,34576,0,0,0,10068,0,0,0,18364,0,0,0,21642,0,0,0,113532,0,0,0,6130,0,0,0,30616,0,0
11,5247836,rs33914359,T,C,"gnomAD Exomes,gnomAD Genomes",PASS,PASS,p.Lys96Glu,p.Lys96Glu,c.286A>G,missense_variant,,4,282816,0.00001414347137361394,0,0,3,24964,0,0,0,35440,0,0,0,10368,0,0,0,19944,0,0,0,25124,0,0,0,129140,0,0,0,7220,0,0,1,30616,0,0
11,5247899,rs33916541,C,T,"gnomAD Exomes,gnomAD Genomes",PASS,PASS,p.Gly75Ser,p.Gly75Ser,c.223G>A,missense_variant,,4,282814,0.0000141435713932125,0,0,0,24962,0,0,0,35436,0,0,0,10368,0,0,0,19938,0,0,0,25118,0,0,4,129152,0,0,0,7224,0,0,0,30616,0,0
11,5247902,rs33945705,C,T,"gnomAD Exomes,gnomAD Genomes",PASS,PASS,p.Asp74Asn,p.Asp74Asn,c.220G>A,missense_variant,,4,282800,0.000014144271570014144,0,0,3,24952,0,0,1,35438,0,0,0,10368,0,0,0,19940,0,0,0,25120,0,0,0,129142,0,0,0,7224,0,0,0,30616,0,0
11,5247971,rs63750336,T,A,"gnomAD Exomes,gnomAD Genomes",PASS,PASS,p.Thr51Ser,p.Thr51Ser,c.151A>T,missense_variant,,4,282744,0.000014147072970602383,0,0,1,24948,0,0,0,35434,0,0,0,10368,0,0,0,19936,0,0,0,25118,0,0,3,129106,0,0,0,7218,0,0,0,30616,0,0
11,5246908,rs33946267,C,T,"gnomAD Exomes,gnomAD Genomes",PASS,PASS,p.Glu122Lys,p.Glu122Lys,c.364G>A,missense_variant,,4,282706,0.000014148974553069267,0,0,2,24966,0,0,0,35436,0,0,0,10362,0,0,0,19932,0,0,0,25120,0,0,2,129058,0,0,0,7216,0,0,0,30616,0,0
11,5247859,rs33993568,G,A,gnomAD Exomes,PASS,NA,p.Thr88Ile,p.Thr88Ile,c.263C>T,missense_variant,,4,251424,0.000015909380170548555,0,0,0,16256,0,0,0,34592,0,0,0,10076,0,0,0,18386,0,0,0,21648,0,0,4,113718,0,0,0,6132,0,0,0,30616,0,0
11,5247986,rs80356820,AG,A,gnomAD Exomes,PASS,NA,p.Phe46LeufsTer16,p.Phe46LeufsTer16,c.135delC,frameshift_variant,,4,251414,0.000015910012966660567,0,0,0,16256,0,0,0,34590,0,0,1,10076,0,0,0,18380,0,0,0,21644,0,0,3,113716,0,0,0,6136,0,0,0,30616,0,0
11,5246865,rs35669628,G,A,gnomAD Exomes,PASS,NA,p.Ala136Val,p.Ala136Val,c.407C>T,missense_variant,,4,251362,0.000015913304318075125,0,0,0,16256,0,0,0,34592,0,0,0,10076,0,0,0,18386,0,0,0,21642,0,0,0,113666,0,0,0,6130,0,0,4,30614,0,0
11,5248158,rs33956879,A,G,gnomAD Exomes,PASS,NA,c.92+2T>C,,c.92+2T>C,splice_donor_variant,,4,251218,0.000015922425940816344,0,0,0,16256,0,0,0,34580,0,0,0,10076,0,0,0,18374,0,0,0,21638,0,0,4,113542,0,0,0,6138,0,0,0,30614,0,0
11,5248231,rs63749819,CT,C,gnomAD Exomes,PASS,NA,p.Glu7GlyfsTer13,p.Glu7GlyfsTer13,c.20delA,frameshift_variant,,4,251184,0.000015924581183514873,0,0,1,16256,0,0,0,34572,0,0,0,10068,0,0,0,18362,0,0,0,21644,0,0,3,113536,0,0,0,6130,0,0,0,30616,0,0
11,5247952,rs34439278,C,T,gnomAD Exomes,PASS,NA,p.Gly57Asp,p.Gly57Asp,c.170G>A,missense_variant,,5,251448,0.0000198848270815437,0,0,0,16256,0,0,0,34592,0,0,0,10080,0,0,5,18388,0,0,0,21644,0,0,0,113734,0,0,0,6138,0,0,0,30616,0,0
11,5246931,rs34484056,A,T,gnomAD Exomes,PASS,NA,p.Val114Glu,p.Val114Glu,c.341T>A,missense_variant,,5,251270,0.000019898913519321845,0,0,0,16256,0,0,0,34592,0,0,0,10076,0,0,5,18374,0,0,0,21644,0,0,0,113580,0,0,0,6132,0,0,0,30616,0,0
11,5246883,rs111645889,G,A,"gnomAD Exomes,gnomAD Genomes",PASS,PASS,p.Ala130Val,p.Ala130Val,c.389C>T,missense_variant,,6,282694,0.000021224362738508778,0,0,6,24966,0,0,0,35436,0,0,0,10362,0,0,0,19934,0,0,0,25116,0,0,0,129046,0,0,0,7220,0,0,0,30614,0,0
11,5247860,rs35553496,T,G,gnomAD Exomes,PASS,NA,p.Thr88Pro,p.Thr88Pro,c.262A>C,missense_variant,,6,251426,0.000023863880426049813,0,0,0,16254,0,0,0,34592,0,0,0,10078,0,0,0,18386,0,0,0,21644,0,0,6,113722,0,0,0,6134,0,0,0,30616,0,0
11,5246913,rs33947020,C,T,gnomAD Exomes,PASS,NA,p.Gly120Asp,p.Gly120Asp,c.359G>A,missense_variant,,6,251278,0.00002387793599121292,0,0,0,16256,0,0,6,34586,0,0,0,10072,0,0,0,18380,0,0,0,21644,0,0,0,113594,0,0,0,6130,0,0,0,30616,0,0
11,5248202,rs33962676,C,T,"gnomAD Exomes,gnomAD Genomes",PASS,PASS,p.Gly17Asp,p.Gly17Asp,c.50G>A,missense_variant,,7,282640,0.00002476648740447212,0,0,0,24970,0,0,0,35434,0,0,0,10364,0,0,0,19932,0,0,0,25116,0,0,7,129002,0,0,0,7222,0,0,0,30600,0,0
11,5246868,rs33966761,A,G,"gnomAD Exomes,gnomAD Genomes",PASS,PASS,p.Val135Ala,p.Val135Ala,c.404T>C,missense_variant,,9,282770,0.00003182798741026276,0,0,5,24966,0,0,2,35438,0,0,0,10366,0,0,0,19946,0,0,0,25120,0,0,2,129100,0,0,0,7218,0,0,0,30616,0,0
11,5248200,rs33986703,TG,T,gnomAD Exomes,PASS,NA,p.Lys18ArgfsTer2,p.Lys18ArgfsTer2,c.51delC,frameshift_variant,,8,251268,0.00003183851505165799,0,0,0,16256,0,0,0,34586,0,0,0,10078,0,0,0,18376,0,0,0,21642,0,0,0,113582,0,0,0,6132,0,0,8,30616,0,0
11,5247806,rs33945777,C,T,"gnomAD Exomes,gnomAD Genomes",PASS,PASS,c.315+1G>A,,c.315+1G>A,splice_donor_variant,,11,282562,0.000038929509275840344,0,0,4,24972,0,0,0,35426,0,0,0,10364,0,0,0,19934,0,0,0,25112,0,0,4,128926,0,0,1,7212,0,0,2,30616,0,0
11,5248233,rs33930165,CAG,C,gnomAD Exomes,PASS,NA,p.Pro6ArgfsTer17,p.Pro6ArgfsTer17,c.17_18delCT,frameshift_variant,,11,251156,0.00004379748045039736,0,0,0,16254,0,0,0,34568,0,0,0,10066,0,0,0,18362,0,0,0,21642,0,0,0,113516,0,0,0,6132,0,0,11,30616,0,0
11,5248200,rs33986703,T,A,"gnomAD Exomes,gnomAD Genomes",PASS,PASS,p.Lys18Ter,p.Lys18Ter,c.52A>T,stop_gained,,16,282678,0.000056601504184973714,0,0,0,24972,0,0,0,35434,0,0,0,10368,0,0,16,19936,0,0,0,25118,0,0,0,129014,0,0,0,7220,0,0,0,30616,0,0
11,5248185,rs33959855,C,G,gnomAD Exomes,PASS,NA,p.Glu23Gln,p.Glu23Gln,c.67G>C,missense_variant,,15,251278,0.0000596948399780323,0,0,0,16256,0,0,0,34586,0,0,0,10078,0,0,0,18374,0,0,0,21646,0,0,0,113592,0,0,0,6132,0,0,15,30614,0,0
11,5248218,rs33974228,C,T,"gnomAD Exomes,gnomAD Genomes",PASS,PASS,p.Val12Ile,p.Val12Ile,c.34G>A,missense_variant,,17,282642,0.00006014675808973896,0,0,4,24970,0,0,1,35432,0,0,0,10360,0,0,0,19924,0,0,0,25120,0,0,12,129000,0,0,0,7220,0,0,0,30616,0,0
11,5247959,rs1300930245,C,T,gnomAD Genomes,NA,PASS,p.Val55Ile,p.Val55Ile,c.163G>A,missense_variant,,2,31386,0.00006372267890142101,0,0,2,8702,0,0,0,848,0,0,0,290,0,0,0,1560,0,0,0,3476,0,0,0,15424,0,0,0,1086,0,0,0,0,0,0
11,5248159,rs33971440,C,A,gnomAD Exomes,PASS,NA,c.92+1G>T,,c.92+1G>T,splice_donor_variant,,18,251366,0.00007160872989982734,0,0,0,16256,0,0,0,34586,0,0,0,10074,0,0,0,18378,0,0,0,21648,0,0,0,113676,0,0,0,6134,0,0,18,30614,0,0
11,5246957,rs33952266,C,CCTGAAGTTCTCAGGATCCACGTGCAGCTTGTCACAGTGCAGCTCACTCAG,gnomAD Exomes,PASS,NA,c.316-2_316-1insCTGAGTGAGCTGCACTGTGACAAGCTGCACGTGGATCCTGAGAACTTCAG,,c.316-2_316-1insCTGAGTGAGCTGCACTGTGACAAGCTGCACGTGGATCCTGAGAACTTCAG,splice_acceptor_variant,,18,251150,0.00007167031654389806,0,0,0,16256,0,0,0,34590,0,0,0,10074,0,0,0,18374,0,0,2,21638,0,0,16,113476,0,0,0,6126,0,0,0,30616,0,0
11,5248205,rs63750783,C,T,gnomAD Exomes,PASS,NA,p.Trp16Ter,p.Trp16Ter,c.47G>A,stop_gained,,22,251244,0.00008756428014201334,0,0,1,16256,0,0,0,34590,0,0,0,10076,0,0,0,18372,0,0,0,21644,0,0,0,113566,0,0,0,6126,0,0,21,30614,0,0
11,5248159,rs33971440,C,T,gnomAD Exomes,PASS,NA,c.92+1G>A,,c.92+1G>A,splice_donor_variant,,24,251366,0.00009547830653310312,0,0,0,16256,0,0,6,34586,0,0,0,10074,0,0,0,18378,0,0,0,21648,0,0,18,113676,0,0,0,6134,0,0,0,30614,0,0
11,5248160,rs33960103,C,G,gnomAD Exomes,PASS,NA,p.Arg31Thr,p.Arg31Thr,c.92G>C,missense_variant,"lc_lof,os_lof",26,251362,0.00010343647806748832,0,0,0,16256,0,0,0,34588,0,0,0,10074,0,0,0,18378,0,0,0,21648,0,0,2,113670,0,0,0,6134,0,0,24,30614,0,0
11,5248173,rs33950507,C,T,"gnomAD Exomes,gnomAD Genomes",PASS,PASS,p.Glu27Lys,p.Glu27Lys,c.79G>A,missense_variant,,66,282758,0.00023341514652105335,1,0,2,24968,0,0,2,35436,0,0,0,10368,0,0,24,19934,0,0,0,25122,0,0,1,129092,0,0,2,7222,0,0,35,30616,1,0
11,5248224,rs35699606,A,AC,gnomAD Exomes,PASS,NA,p.Ser10ValfsTer14,p.Ser10ValfsTer14,c.27dupG,frameshift_variant,,63,251192,0.00025080416573776236,0,0,0,16256,0,0,0,34576,0,0,0,10070,0,0,0,18366,0,0,0,21642,0,0,0,113538,0,0,1,6130,0,0,62,30614,0,0
11,5247992,rs33922842,CAAAG,C,"gnomAD Exomes,gnomAD Genomes",PASS,PASS,p.Phe42LeufsTer19,p.Phe42LeufsTer19,c.126_129delCTTT,frameshift_variant,,73,282786,0.0002581457356446217,0,0,0,24956,0,0,0,35436,0,0,0,10366,0,0,46,19936,0,0,0,25120,0,0,0,129134,0,0,0,7222,0,0,27,30616,0,0
11,5248004,rs11549407,G,A,"gnomAD Exomes,gnomAD Genomes",PASS,PASS,p.Gln40Ter,p.Gln40Ter,c.118C>T,stop_gained,,87,282760,0.00030768142594426366,0,0,0,24956,0,0,4,35432,0,0,1,10364,0,0,0,19930,0,0,0,25122,0,0,80,129120,0,0,2,7220,0,0,0,30616,0,0
11,5248029,rs1135071,C,A,"gnomAD Exomes,gnomAD Genomes",PASS,PASS,p.Arg31Ser,p.Arg31Ser,c.93G>T,missense_variant,,101,282700,0.0003572691899540149,0,0,0,24952,0,0,0,35420,0,0,0,10364,0,0,0,19916,0,0,90,25120,0,0,6,129090,0,0,5,7222,0,0,0,30616,0,0
11,5246908,rs33946267,C,G,"gnomAD Exomes,gnomAD Genomes",PASS,PASS,p.Glu122Gln,p.Glu122Gln,c.364G>C,missense_variant,,181,282706,0.0006402410985263843,4,0,1,24966,0,0,4,35436,0,0,0,10362,0,0,0,19932,0,0,0,25120,0,0,19,129058,0,0,4,7216,0,0,153,30616,4,0
11,5247914,rs33947415,C,T,"gnomAD Exomes,gnomAD Genomes",PASS,PASS,p.Gly70Ser,p.Gly70Ser,c.208G>A,missense_variant,,252,282782,0.0008911458296496948,0,0,7,24944,0,0,13,35436,0,0,184,10366,0,0,0,19938,0,0,1,25116,0,0,34,129140,0,0,9,7226,0,0,4,30616,0,0
11,5248233,rs33930165,C,T,"gnomAD Exomes,gnomAD Genomes",PASS,PASS,p.Glu7Lys,p.Glu7Lys,c.19G>A,missense_variant,,349,282566,0.0012351096734922106,1,0,335,24966,1,0,9,35416,0,0,0,10356,0,0,0,19922,0,0,0,25118,0,0,3,128952,0,0,2,7220,0,0,0,30616,0,0
11,5248232,rs334,T,A,"gnomAD Exomes,gnomAD Genomes",PASS,PASS,p.Glu7Val,p.Glu7Val,c.20A>T,missense_variant,,1236,282580,0.0043739825890013444,4,0,1121,24964,4,0,76,35418,0,0,0,10360,0,0,0,19922,0,0,0,25118,0,0,8,128960,0,0,12,7222,0,0,19,30616,0,0
